user_id,timestamp,amount,category,ip_address
user_3,2025-01-16 16:58:01.524009,1935.2163194838722,groceries,192.168.1.1
user_3,2025-01-17 08:01:57.076098,247.02017598564316,transport,192.168.1.1
user_9,2025-01-17 11:00:03.787191,30.838772931492585,transport,192.168.1.3
user_8,2025-01-17 11:33:55.515916,141.9800560158829,bills,192.168.1.4
user_5,2025-01-19 15:21:08.231227,53.23386492413729,entertainment,192.168.1.4
user_5,2025-01-20 05:32:12.086870,126.92597214478376,transport,192.168.1.4
user_1,2025-01-20 20:27:54.687869,63.743568638175404,bills,192.168.1.1
user_7,2025-01-20 20:41:14.977031,793.2211584347422,groceries,192.168.1.1
user_4,2025-01-21 04:30:02.296947,214.35816937134922,entertainment,192.168.1.2
user_0,2025-01-21 10:11:14.163203,305.3824654899253,transport,192.168.1.3
user_2,2025-01-21 13:40:04.153477,780.8404204783349,groceries,192.168.1.2
user_9,2025-01-21 17:24:58.972625,37.18550730223918,groceries,192.168.1.3
user_8,2025-01-22 00:17:06.191946,98.04424758286035,bills,192.168.1.4
user_0,2025-01-22 09:13:24.290106,31.140085324282776,entertainment,192.168.1.3
user_0,2025-01-23 05:15:38.025532,401.7150561478865,bills,192.168.1.3
user_7,2025-01-23 14:21:55.370715,740.9006429476171,transport,192.168.1.1
user_4,2025-01-23 23:59:22.723411,113.1403552427613,transport,192.168.1.2
user_6,2025-01-24 01:20:55.084888,1323.748161340166,crypto_exchange,192.168.1.1
user_5,2025-01-25 18:53:00.047834,106.0446358623954,entertainment,192.168.1.4
user_1,2025-01-26 11:03:45.067377,284.31729754885686,transport,192.168.1.1
user_6,2025-01-26 19:55:45.904492,259.32261185435027,groceries,192.168.1.1
user_9,2025-01-27 05:08:53.049806,789.9271824959012,transport,192.168.1.3
user_2,2025-01-27 05:27:30.354870,372.735472063957,groceries,192.168.1.2
user_8,2025-01-27 14:44:20.581763,105.32039326174151,transport,192.168.1.4
user_7,2025-01-27 16:39:58.741086,673.3076906154524,groceries,192.168.1.1
user_8,2025-01-28 06:52:11.928015,415.61308341768336,groceries,192.168.1.4
user_9,2025-01-28 19:23:07.207696,703.0469916731392,transport,192.168.1.3
user_0,2025-01-29 02:42:29.872734,584.7195960666943,bills,192.168.1.3
user_5,2025-01-29 15:02:44.458081,171.5263713261027,bills,192.168.1.4
user_0,2025-01-30 00:13:30.135031,94.47885127419283,groceries,192.168.1.3
user_1,2025-01-30 02:26:38.769909,544.5117526760217,transport,192.168.1.1
user_8,2025-01-30 12:40:20.375987,509.3941523587007,groceries,192.168.1.4
user_4,2025-01-31 21:41:49.940779,67.34428833328245,bills,192.168.1.2
user_0,2025-01-31 21:44:52.352766,254.52588348822917,groceries,192.168.1.3
user_0,2025-02-01 00:51:22.043778,93.32408252822512,transport,192.168.1.3
user_7,2025-02-01 21:12:36.167907,108.29696395958997,entertainment,192.168.1.1
user_0,2025-02-02 11:57:00.433760,256.1214091615244,groceries,192.168.1.3
user_4,2025-02-02 23:26:19.681465,396.9540044555543,bills,192.168.1.2
user_9,2025-02-03 15:31:49.005839,380.4997049360709,entertainment,192.168.1.3
user_2,2025-02-04 10:58:57.224035,718.6524402147975,bills,192.168.1.2
user_4,2025-02-04 20:40:09.378989,188.70813960787032,transport,192.168.1.2
user_4,2025-02-04 23:49:41.892038,654.5040154966309,transport,192.168.1.2
user_0,2025-02-05 06:44:02.895947,332.89104316421066,entertainment,192.168.1.3
user_1,2025-02-05 08:56:30.481567,430.30051851145345,transport,192.168.1.1
user_7,2025-02-05 10:55:01.801510,901.0112484145122,transport,192.168.1.1
user_5,2025-02-05 11:11:03.798148,2496.8006041751623,groceries,192.168.1.4
user_8,2025-02-06 18:56:14.735326,679.3931652306355,bills,192.168.1.4
user_9,2025-02-09 02:52:14.547354,100.14807156765468,groceries,192.168.1.3
user_8,2025-02-10 22:04:24.858769,73.25142824064183,groceries,192.168.1.4
user_1,2025-02-11 07:50:16.043793,943.3812198875862,bills,192.168.1.1
user_7,2025-02-11 17:39:27.848578,694.117157338061,bills,192.168.1.1
user_8,2025-02-11 23:39:09.592018,127.40714803330332,bills,192.168.1.4
user_4,2025-02-12 03:37:43.156448,127.3090345196149,bills,192.168.1.2
user_9,2025-02-12 06:44:02.289809,93.54153299536105,transport,192.168.1.3
user_8,2025-02-12 16:22:40.274755,110.13306718250874,groceries,192.168.1.4
user_9,2025-02-12 16:22:45.876717,32.96393983937405,entertainment,192.168.1.3
user_0,2025-02-13 11:26:44.373723,131.10656678295166,bills,192.168.1.3
user_4,2025-02-13 12:23:25.477194,438.0714925102185,groceries,192.168.1.2
user_5,2025-02-13 13:23:06.851703,918.1852173212146,entertainment,192.168.1.4
user_9,2025-02-14 13:56:49.397390,123.53634611223988,bills,192.168.1.3
user_9,2025-02-14 15:23:26.248356,49.045754515640134,entertainment,192.168.1.3
user_5,2025-02-14 17:32:10.453901,118.94870327952125,transport,192.168.1.4
user_5,2025-02-15 00:29:35.431931,861.9660413852793,crypto_exchange,192.168.1.4
user_8,2025-02-16 02:20:13.187757,371.3164703181539,groceries,192.168.1.4
user_4,2025-02-16 05:44:14.612040,23.87505493374946,entertainment,192.168.1.2
user_7,2025-02-16 23:56:29.333441,119.49813229968197,transport,192.168.1.1
user_7,2025-02-17 01:49:42.478702,240.6070249241186,groceries,192.168.1.1
user_1,2025-02-17 11:10:28.249330,362.36028733775424,transport,192.168.1.1
user_4,2025-02-17 21:30:25.780286,1813.9898717968315,crypto_exchange,192.168.1.2
user_4,2025-02-20 23:57:45.006036,259.2203130998356,transport,192.168.1.2
user_1,2025-02-21 14:27:26.831723,18.354532158558964,bills,192.168.1.1
user_7,2025-02-21 15:49:01.137410,25.47877902784133,bills,192.168.1.1
user_9,2025-02-22 01:51:16.020271,122.3340767112844,transport,192.168.1.3
user_4,2025-02-22 06:33:00.498096,47.760875055025345,bills,192.168.1.2
user_5,2025-02-22 14:09:28.947427,65.13032512082279,bills,192.168.1.4
user_8,2025-02-23 20:55:08.415256,317.15789822321517,transport,192.168.1.4
user_4,2025-02-24 13:34:01.602209,240.73515211743774,transport,192.168.1.2
user_8,2025-02-24 20:14:53.634752,1741.7449729859025,wire_transfer,91.200.12.2
user_4,2025-02-25 07:45:04.016225,278.3212216794509,groceries,192.168.1.2
user_7,2025-02-27 06:19:02.038461,108.80693475186347,transport,192.168.1.1
user_9,2025-02-28 02:08:12.229588,750.7711275714805,gambling,192.168.1.3
user_7,2025-02-28 06:02:38.861910,263.5105478684635,transport,192.168.1.1
user_4,2025-03-01 10:17:19.110629,88.10917830028416,entertainment,192.168.1.2
user_1,2025-03-01 13:40:48.934858,189.3548419014149,bills,192.168.1.1
user_1,2025-03-01 18:40:52.054030,1212.55797055914,wire_transfer,91.200.12.0
user_5,2025-03-02 05:54:07.305420,185.61091165057516,groceries,192.168.1.4
user_4,2025-03-02 18:47:01.889625,133.63093213075214,transport,192.168.1.2
user_4,2025-03-02 21:57:32.694557,107.39714159684327,groceries,192.168.1.2
user_9,2025-03-03 13:17:49.996498,258.81914447956655,groceries,192.168.1.3
user_8,2025-03-03 15:56:38.931309,92.04919869568289,entertainment,91.200.12.2
user_5,2025-03-03 18:52:10.374598,347.89200504473854,transport,192.168.1.4
user_8,2025-03-04 13:18:02.738165,30.023503460950757,bills,91.200.12.2
user_7,2025-03-04 19:55:57.918699,126.23232922719427,bills,192.168.1.1
user_8,2025-03-05 16:18:52.595421,204.8503036631328,groceries,91.200.12.2
user_1,2025-03-05 19:03:37.023308,308.63547960602324,bills,91.200.12.0
user_4,2025-03-06 08:47:23.441216,115.85746727922216,groceries,192.168.1.2
user_5,2025-03-06 18:28:12.063641,596.7709872472806,transport,192.168.1.4
user_5,2025-03-06 22:28:01.125953,773.9148915423633,gambling,192.168.1.4
user_9,2025-03-09 16:05:47.608239,2891.4675136520837,wire_transfer,91.200.12.2
user_7,2025-03-10 03:07:38.871365,82.78052119252601,groceries,192.168.1.1
user_9,2025-03-10 13:23:51.734858,296.92836596261543,entertainment,91.200.12.2
user_1,2025-03-12 03:05:59.389249,143.71914005014747,bills,91.200.12.0
user_5,2025-03-12 05:11:41.457292,758.5923458829859,transport,192.168.1.4
user_4,2025-03-12 13:49:28.959782,152.80358564457177,transport,192.168.1.2
user_1,2025-03-13 19:33:22.665229,273.7801910838919,bills,91.200.12.0
user_8,2025-03-14 00:09:49.525202,1193.2227174876882,groceries,91.200.12.2
user_4,2025-03-14 08:44:27.676409,276.85064872448135,entertainment,192.168.1.2
user_9,2025-03-16 10:42:08.384935,106.49618479904375,bills,91.200.12.2
user_7,2025-03-17 18:35:13.127669,194.22753809515626,entertainment,192.168.1.1
user_5,2025-03-18 10:36:03.751302,631.0030928902956,transport,192.168.1.4
user_4,2025-03-18 17:14:42.669256,54.68639333585121,transport,192.168.1.2
user_1,2025-03-18 22:11:56.647359,119.58329671691845,entertainment,91.200.12.0
user_9,2025-03-19 20:40:14.105210,2.3435247769697374,entertainment,91.200.12.2
user_9,2025-03-19 22:32:08.701528,254.14259094912208,groceries,91.200.12.2
user_7,2025-03-19 23:37:05.185777,96.98800412028231,bills,192.168.1.1
user_4,2025-03-20 09:07:05.386616,174.6281565277735,groceries,192.168.1.2
user_8,2025-03-20 12:29:49.595452,81.13371259369524,entertainment,91.200.12.2
user_4,2025-03-20 17:31:19.840593,65.6193258227138,transport,192.168.1.2
user_7,2025-03-21 23:00:09.303897,40.738752859106036,groceries,192.168.1.1
user_1,2025-03-23 14:15:47.795108,45.27833284686623,groceries,91.200.12.0
user_8,2025-03-23 16:32:48.442282,1386.5660435070358,bills,91.200.12.2
user_4,2025-03-23 22:38:25.090237,357.8557882774441,entertainment,192.168.1.2
user_5,2025-03-24 07:06:49.152912,180.43229059631153,entertainment,192.168.1.4
user_7,2025-03-25 22:25:13.781145,95.17171011009498,entertainment,192.168.1.1
user_5,2025-03-26 11:03:10.436844,784.9682811492421,bills,192.168.1.4
user_4,2025-03-26 23:33:35.106711,58.54659805161141,bills,192.168.1.2
user_7,2025-03-27 01:38:57.964831,117.94426210494123,groceries,192.168.1.1
user_1,2025-03-27 14:54:14.179533,2622.2218231206753,wire_transfer,91.200.12.4
user_8,2025-03-27 15:31:43.690702,89.90313357237272,transport,91.200.12.2
user_9,2025-03-28 01:26:41.484731,157.14569506943891,entertainment,91.200.12.2
user_4,2025-03-28 17:53:53.897949,67.06766901214019,transport,192.168.1.2
user_8,2025-03-30 04:23:26.387379,103.47814209418134,groceries,91.200.12.2
user_9,2025-03-31 13:33:40.751717,38.76708740823624,transport,91.200.12.2
user_1,2025-03-31 14:02:01.106561,1355.2417342185813,bills,91.200.12.4
user_5,2025-03-31 19:37:41.683465,1115.217085296475,entertainment,192.168.1.4
user_4,2025-04-01 10:36:36.859449,329.262840522032,bills,192.168.1.2
user_7,2025-04-01 18:00:51.544257,262.8238387382985,bills,192.168.1.1
user_7,2025-04-03 01:30:38.786662,264.8954449184917,entertainment,192.168.1.1
user_4,2025-04-03 21:39:12.742310,420.8041434624104,entertainment,192.168.1.2
user_9,2025-04-03 23:32:50.145444,232.71721737679678,groceries,91.200.12.2
user_8,2025-04-04 09:54:47.968242,313.93642145918074,bills,91.200.12.2
user_5,2025-04-05 14:28:50.688696,21791.12612856125,wire_transfer,91.200.12.4
user_1,2025-04-05 22:13:07.858625,129.16312157273688,entertainment,91.200.12.4
user_7,2025-04-06 07:04:17.655403,476.4551214802936,groceries,192.168.1.1
user_1,2025-04-07 10:27:19.317531,120.29409573061984,entertainment,91.200.12.4
user_7,2025-04-07 18:56:52.440354,548.0651496936833,transport,192.168.1.1
user_5,2025-04-07 20:16:17.277992,128.6958908897415,entertainment,91.200.12.4
user_8,2025-04-09 17:26:05.434256,4513.188159139358,wire_transfer,91.200.12.4
user_9,2025-04-11 07:01:41.450676,101.6317474722088,entertainment,91.200.12.2
user_4,2025-04-12 04:22:53.521249,390.3186756154712,entertainment,192.168.1.2
user_8,2025-04-12 21:14:11.072282,7469.986735407259,wire_transfer,91.200.12.1
user_7,2025-04-14 17:20:27.734059,329.4638178683255,bills,192.168.1.1
user_1,2025-04-15 08:48:08.082618,43.882316386507306,transport,91.200.12.4
user_5,2025-04-15 12:05:18.124306,190.22484687617262,transport,91.200.12.4
user_9,2025-04-16 06:06:29.551915,280.77731496477094,bills,91.200.12.2
user_5,2025-04-16 09:07:36.727028,1043.734701667052,groceries,91.200.12.4
user_5,2025-04-17 01:34:43.660129,59.34216982080451,transport,91.200.12.4
user_8,2025-04-17 16:37:47.129808,296.753372744082,bills,91.200.12.1
user_5,2025-04-17 22:59:16.311848,108.30178251644526,transport,91.200.12.4
user_4,2025-04-19 14:45:03.371136,187.8951917356817,entertainment,192.168.1.2
user_4,2025-04-20 00:43:45.698078,311.04573571703963,transport,192.168.1.2
user_5,2025-04-21 02:10:02.952269,74.86762341758444,entertainment,91.200.12.4
user_1,2025-04-21 12:38:47.678567,33.033659970188,groceries,91.200.12.4
user_8,2025-04-22 13:53:44.805415,104.01957271779459,transport,91.200.12.1
user_7,2025-04-22 19:27:20.949025,110.31152064950403,groceries,192.168.1.1
user_1,2025-04-23 17:38:58.109084,294.4414529112073,bills,91.200.12.4
user_9,2025-04-24 03:05:24.108357,158.85826860367223,groceries,91.200.12.2
user_1,2025-04-25 05:53:35.622497,28.192702123371447,bills,91.200.12.4
user_5,2025-04-26 01:29:32.660778,201.65956370042795,entertainment,91.200.12.4
user_5,2025-04-28 10:28:07.409901,413.02842118759804,transport,91.200.12.4
user_7,2025-04-28 16:58:45.304256,930.5417188985915,entertainment,192.168.1.1
user_8,2025-04-28 22:50:15.365081,97.29780724590286,groceries,91.200.12.1
user_1,2025-04-29 07:50:01.504672,542.5791018491018,groceries,91.200.12.4
user_9,2025-04-29 15:14:26.378332,76.4643080590877,transport,91.200.12.2
user_1,2025-05-01 07:58:25.103139,142.10903903133388,transport,91.200.12.4
user_7,2025-05-02 08:24:23.141532,117.96984676417514,entertainment,192.168.1.1
user_8,2025-05-05 01:09:36.533617,103.85355836320073,groceries,91.200.12.1
user_9,2025-05-05 12:43:52.955421,142.57687111505138,entertainment,91.200.12.2
user_1,2025-05-05 22:39:04.753414,1263.7344049946864,wire_transfer,91.200.12.2
user_7,2025-05-08 02:01:53.044770,370.3878817560814,transport,192.168.1.1
user_1,2025-05-10 19:35:34.582506,1840.6093844368588,groceries,91.200.12.2
user_9,2025-05-11 13:22:10.351921,97.4390525587424,groceries,91.200.12.2
user_8,2025-05-12 21:09:04.460532,169.97773415483516,entertainment,91.200.12.1
user_7,2025-05-13 03:41:32.827919,421.69443201432836,entertainment,192.168.1.1
user_1,2025-05-13 12:34:09.532945,16.026837063706843,entertainment,91.200.12.2
user_8,2025-05-15 05:57:21.964249,74.62689330741694,transport,91.200.12.1
user_8,2025-05-16 06:41:55.383523,124.8237381409428,transport,91.200.12.1
user_9,2025-05-16 12:50:17.192865,15.147355341199551,groceries,91.200.12.2
user_1,2025-05-16 23:11:07.161878,231.68719172258403,bills,91.200.12.2
user_7,2025-05-19 15:53:35.039944,225.27427464870837,groceries,192.168.1.1
user_8,2025-05-20 04:34:47.928564,192.44801035641575,crypto_exchange,91.200.12.1
user_1,2025-05-21 02:31:16.329013,218.01194528999252,entertainment,91.200.12.2
user_1,2025-05-22 10:17:39.148997,463.959196243784,groceries,91.200.12.2
user_8,2025-05-22 21:46:32.238530,147.09013500550614,groceries,91.200.12.1
user_9,2025-05-22 22:07:48.100226,220.245166652609,transport,91.200.12.2
user_7,2025-05-24 10:58:45.014632,506.3122385289333,transport,192.168.1.1
user_7,2025-05-25 06:23:34.999480,594.2363497749265,groceries,192.168.1.1
user_9,2025-05-27 10:42:25.227657,209.43165414231567,groceries,91.200.12.2
user_8,2025-05-27 14:31:00.882032,311.25768575169434,transport,91.200.12.1
user_7,2025-05-28 08:49:20.734116,213.3238066473005,entertainment,192.168.1.1
user_1,2025-05-29 16:44:35.253967,311.3367689809367,entertainment,91.200.12.2
user_8,2025-05-30 19:30:09.685376,486.78955989303853,bills,91.200.12.1
user_9,2025-06-01 03:56:07.782183,80.31660870359771,bills,91.200.12.2
user_7,2025-06-03 08:17:01.337502,201.54453985190588,groceries,192.168.1.1
user_1,2025-06-05 16:22:21.447734,92.57892696470252,transport,91.200.12.2
user_7,2025-06-06 18:20:33.190821,122.28740239989767,transport,192.168.1.1
user_7,2025-06-07 04:37:31.155099,367.5065990915601,entertainment,192.168.1.1
user_8,2025-06-07 16:33:04.275994,180.79989762042635,entertainment,91.200.12.1
user_7,2025-06-09 02:19:36.660040,545.3379861152271,entertainment,192.168.1.1
user_7,2025-06-11 01:39:19.377986,108.1873964598158,entertainment,192.168.1.1
user_7,2025-06-11 18:05:23.448555,236.69891383930315,bills,192.168.1.1
user_1,2025-06-13 12:28:20.283928,79.82305424880668,groceries,91.200.12.2
user_7,2025-06-13 13:10:28.609518,151.52859982253108,transport,192.168.1.1
user_1,2025-06-13 19:15:37.859562,28.97275546586053,groceries,91.200.12.2
user_8,2025-06-15 20:29:32.136545,568.8378544917351,entertainment,91.200.12.1
user_7,2025-06-15 23:09:39.680818,212.02126261165344,bills,192.168.1.1
user_1,2025-06-21 09:18:30.489818,583.1726489081951,groceries,91.200.12.2
user_8,2025-06-23 12:56:55.258713,1152.5477031703983,bills,91.200.12.1
user_8,2025-06-24 13:56:27.737762,39.8525786083728,transport,91.200.12.1
user_1,2025-06-27 17:49:06.825806,496.51866741616396,entertainment,91.200.12.2
user_1,2025-07-01 16:15:19.000809,47.129789026296635,entertainment,91.200.12.2
user_8,2025-07-02 08:40:20.298014,212.99461739996502,bills,91.200.12.1
user_1,2025-07-07 06:53:13.582847,53.33030917073441,transport,91.200.12.2
user_8,2025-07-08 09:39:29.526736,92.14610461705838,groceries,91.200.12.1
user_6,2025-07-09 19:55:45.904492,809.9842198685188,groceries,192.168.1.1
user_8,2025-07-13 14:36:21.931351,142.9698039365088,entertainment,91.200.12.1
user_1,2025-07-15 10:54:51.439220,327.46351852719755,transport,91.200.12.2
user_6,2025-07-16 11:22:50.183540,141.41281094756278,groceries,192.168.1.1
user_0,2025-07-19 11:26:44.373723,1064.7562617586116,groceries,192.168.1.3
user_1,2025-07-21 01:10:58.582312,735.677140814156,transport,91.200.12.2
user_6,2025-07-21 20:37:07.235693,215.15241993748904,transport,192.168.1.1
user_8,2025-07-21 20:37:49.274990,77.39383723623061,entertainment,91.200.12.1
user_1,2025-07-22 22:08:17.062572,94.26824019085677,transport,91.200.12.2
user_8,2025-07-23 17:06:23.662148,507.9334221108393,groceries,91.200.12.1
user_0,2025-07-26 02:34:30.384065,187.35121357726683,entertainment,192.168.1.3
user_6,2025-07-26 05:04:48.415396,392.19814465545033,transport,192.168.1.1
user_1,2025-07-26 22:13:57.332249,638.2600691292955,bills,91.200.12.2
user_1,2025-07-27 01:33:44.584338,386.1280128696688,groceries,91.200.12.2
user_6,2025-07-27 03:38:53.441294,298.9074535284673,bills,192.168.1.1
user_0,2025-07-29 17:38:22.099718,75.13990172596071,transport,192.168.1.3
user_8,2025-07-30 23:58:46.106251,88.3077673256693,entertainment,91.200.12.1
user_1,2025-07-31 04:15:58.318796,165.0945938075091,transport,91.200.12.2
user_3,2025-07-31 08:01:57.076098,814.1544091086104,entertainment,192.168.1.1
user_1,2025-08-01 08:28:00.025832,97.67808321596524,groceries,91.200.12.2
user_6,2025-08-02 20:13:50.012471,152.96567743097287,transport,192.168.1.1
user_3,2025-08-04 10:21:01.459991,298.3406512337843,bills,192.168.1.1
user_6,2025-08-04 21:20:32.470192,89.00781229815813,transport,192.168.1.1
user_0,2025-08-05 06:15:50.761986,4859.266673361218,wire_transfer,91.200.12.4
user_6,2025-08-06 06:42:05.219810,125.4879154875318,transport,192.168.1.1
user_6,2025-08-07 00:54:59.489710,26.12242515333073,groceries,192.168.1.1
user_8,2025-08-07 10:17:59.828223,109.93017217004963,bills,91.200.12.1
user_1,2025-08-08 23:59:29.193094,1262.1967893089713,wire_transfer,91.200.12.3
user_1,2025-08-09 17:19:55.970966,81.2644430764155,groceries,91.200.12.3
user_6,2025-08-09 19:00:24.046691,4182.971139216702,groceries,192.168.1.1
user_2,2025-08-10 10:58:57.224035,1727.4353302863983,transport,192.168.1.2
user_2,2025-08-11 04:35:57.162266,424.4189792677212,bills,192.168.1.2
user_0,2025-08-12 18:51:05.652854,558.8674977216338,bills,91.200.12.4
user_6,2025-08-13 08:28:44.270271,124.53001528477587,transport,192.168.1.1
user_8,2025-08-14 00:14:11.888197,356.74886056921736,entertainment,91.200.12.1
user_1,2025-08-14 00:30:24.181942,8630.114291325479,wire_transfer,91.200.12.3
user_2,2025-08-17 07:19:50.599609,49.60520436865073,bills,192.168.1.2
user_8,2025-08-17 23:23:02.968044,3726.64564626649,groceries,91.200.12.1
user_6,2025-08-19 11:32:21.923189,453.2325023870701,entertainment,192.168.1.1
user_1,2025-08-19 22:10:34.223674,212.74834550937032,groceries,91.200.12.3
user_2,2025-08-20 09:54:07.265139,67.34017305544722,groceries,192.168.1.2
user_0,2025-08-21 01:24:43.776141,178.5632621005567,transport,91.200.12.4
user_1,2025-08-21 02:55:03.906580,77.54762962315937,bills,91.200.12.3
user_6,2025-08-21 06:05:00.586290,945.8951239294722,bills,192.168.1.1
user_2,2025-08-21 12:34:32.152113,151.34536120665592,gambling,192.168.1.2
user_8,2025-08-23 15:58:23.511068,6184.709470914449,wire_transfer,91.200.12.1
user_6,2025-08-25 12:29:13.313289,93.86260015659289,transport,192.168.1.1
user_0,2025-08-26 19:13:23.650540,363.0005449636984,transport,91.200.12.4
user_6,2025-08-27 11:36:58.577925,289.15650126451334,entertainment,192.168.1.1
user_0,2025-08-29 04:25:26.184199,247.50206617930775,entertainment,91.200.12.4
user_1,2025-08-29 05:22:59.045353,140.56938420151164,bills,91.200.12.3
user_6,2025-08-29 09:47:03.779270,413.9604155011562,transport,192.168.1.1
user_8,2025-08-29 10:39:20.460282,377.8174168307321,wire_transfer,91.200.12.2
user_2,2025-08-29 19:09:42.629611,341.77770054414066,bills,192.168.1.2
user_0,2025-08-29 20:30:01.631525,449.59113801155246,transport,91.200.12.4
user_0,2025-08-30 04:29:39.309426,275.2576723035618,entertainment,91.200.12.4
user_2,2025-08-30 12:33:48.661979,116.6603273484497,transport,192.168.1.2
user_2,2025-09-02 09:56:29.286556,139.9704569723874,bills,192.168.1.2
user_1,2025-09-03 15:54:34.131856,523.2214180825947,groceries,91.200.12.3
user_2,2025-09-04 13:05:15.552175,112.57580762494277,transport,192.168.1.2
user_1,2025-09-05 12:23:47.872050,62.45939403223967,bills,91.200.12.3
user_0,2025-09-05 14:01:42.068640,19.377815999146048,groceries,91.200.12.4
user_6,2025-09-06 13:45:01.107818,535.0632644548876,bills,192.168.1.1
user_8,2025-09-06 16:23:06.431381,224.25197999755102,entertainment,91.200.12.2
user_0,2025-09-06 18:49:34.741515,367.1883682685024,transport,91.200.12.4
user_8,2025-09-06 19:09:36.638006,129.12155797776987,groceries,91.200.12.2
user_1,2025-09-08 05:25:53.419326,562.4576457477156,entertainment,91.200.12.3
user_2,2025-09-09 06:33:36.895816,348.87147009111465,entertainment,192.168.1.2
user_8,2025-09-09 06:53:27.020597,379.4707868025977,groceries,91.200.12.2
user_6,2025-09-11 10:09:00.439178,44.37560462828354,transport,192.168.1.1
user_0,2025-09-12 19:56:42.446854,239.56563984554134,bills,91.200.12.4
user_0,2025-09-13 11:07:10.773345,155.2457207292353,entertainment,91.200.12.4
user_8,2025-09-14 04:11:03.938433,275.14453347985017,groceries,91.200.12.2
user_2,2025-09-14 07:03:32.395048,143.1557773069302,entertainment,192.168.1.2
user_1,2025-09-14 19:14:56.467071,368.57094254864637,transport,91.200.12.3
user_6,2025-09-14 21:02:48.387168,42.631791778745395,bills,192.168.1.1
user_6,2025-09-17 17:33:40.979338,41.97271201061912,groceries,192.168.1.1
user_6,2025-09-18 11:05:45.426157,494.3172353136362,transport,192.168.1.1
user_1,2025-09-18 12:17:37.597219,3930.9277779236068,wire_transfer,91.200.12.4
user_8,2025-09-21 07:57:49.452521,210.84013213968962,transport,91.200.12.2
user_2,2025-09-21 10:43:59.798013,88.80049072405193,transport,192.168.1.2
user_6,2025-09-22 22:48:25.247482,134.07885293997185,groceries,192.168.1.1
user_1,2025-09-24 09:55:58.672231,171.76142509447192,transport,91.200.12.4
user_5,2025-09-24 10:28:07.409901,2408.509599337214,entertainment,91.200.12.4
user_6,2025-09-26 12:44:36.043922,136.26933647147968,transport,192.168.1.1
user_1,2025-09-28 08:11:58.719489,159.48759415237888,transport,91.200.12.4
user_8,2025-09-28 20:55:28.106422,116.42334318873796,transport,91.200.12.2
user_2,2025-09-29 04:45:10.330324,112.23392431038776,transport,192.168.1.2
user_6,2025-09-29 15:12:26.530244,82.18248129100769,entertainment,192.168.1.1
user_2,2025-09-30 10:32:35.148543,122.2810713659317,bills,192.168.1.2
user_6,2025-09-30 15:52:29.625873,164.43339196457532,groceries,192.168.1.1
user_5,2025-10-01 05:13:48.938908,236.66042246472387,transport,91.200.12.4
user_2,2025-10-01 12:46:59.060867,244.48187511861929,groceries,192.168.1.2
user_5,2025-10-02 10:23:32.150416,1110.8742757469024,wire_transfer,91.200.12.0
user_2,2025-10-03 03:35:29.599194,209.74818246646936,groceries,192.168.1.2
user_1,2025-10-04 18:31:17.178694,137.24097802566894,entertainment,91.200.12.4
user_1,2025-10-06 10:34:43.268700,151.59446240105322,transport,91.200.12.4
user_8,2025-10-06 12:04:33.717532,624.2988128488979,entertainment,91.200.12.2
user_1,2025-10-06 20:02:51.438123,295.7705454916113,entertainment,91.200.12.4
user_6,2025-10-07 21:57:19.602677,132.61343224006364,groceries,192.168.1.1
user_2,2025-10-08 21:34:36.703100,250.01867603161517,groceries,192.168.1.2
user_5,2025-10-09 21:03:35.085732,289.22396875231857,bills,91.200.12.0
user_1,2025-10-10 10:58:37.737565,150.41773753366965,transport,91.200.12.4
user_8,2025-10-11 01:01:25.356839,231.29582523394242,entertainment,91.200.12.2
user_1,2025-10-12 01:30:16.783344,714.122774353318,transport,91.200.12.4
user_1,2025-10-12 16:18:49.352355,152.69377948639675,bills,91.200.12.4
user_1,2025-10-16 06:08:22.385499,521.2176964068498,groceries,91.200.12.4
user_1,2025-10-16 11:07:29.562016,767.3823969073244,groceries,91.200.12.4
user_5,2025-10-16 15:16:42.433117,392.03425097276204,bills,91.200.12.0
user_2,2025-10-16 19:32:57.007548,322.9677611203956,groceries,192.168.1.2
user_4,2025-10-17 00:43:45.698078,1328.1916753053574,entertainment,192.168.1.2
user_1,2025-10-18 18:12:52.105337,161.007110269484,transport,91.200.12.4
user_8,2025-10-18 22:55:00.080453,318.2374793762385,bills,91.200.12.2
user_2,2025-10-19 10:48:53.932885,114.29386566008836,entertainment,192.168.1.2
user_8,2025-10-19 12:19:53.857973,342.7039034937382,groceries,91.200.12.2
user_4,2025-10-21 14:11:46.309115,311.1700324638894,bills,192.168.1.2
user_4,2025-10-22 00:30:06.788023,341.3367164296738,groceries,192.168.1.2
user_4,2025-10-22 20:33:25.098838,291.4439703771816,groceries,192.168.1.2
user_2,2025-10-23 09:41:19.718239,42.23231773992654,entertainment,192.168.1.2
user_8,2025-10-24 01:31:13.667179,2171.6706007334583,crypto_exchange,91.200.12.2
user_2,2025-10-24 20:34:01.681450,33.97051749487947,entertainment,192.168.1.2
user_1,2025-10-25 21:15:41.044692,86.24623592502458,transport,91.200.12.4
user_2,2025-10-26 21:49:39.266442,71.24836891538438,bills,192.168.1.2
user_4,2025-10-29 03:34:58.741259,248.7517577677196,transport,192.168.1.2
user_8,2025-10-30 12:09:46.095310,385.11665955375514,entertainment,91.200.12.2
user_4,2025-11-01 10:44:25.555887,283.7262850921079,bills,192.168.1.2
user_1,2025-11-02 21:30:57.609837,178.74778734708917,transport,91.200.12.4
user_2,2025-11-03 03:55:03.144028,31.903401574372687,transport,192.168.1.2
user_1,2025-11-03 12:13:51.539601,489.35674298906775,transport,91.200.12.4
user_4,2025-11-03 20:48:46.714092,1035.143738579038,groceries,192.168.1.2
user_4,2025-11-04 08:16:17.126317,302.27822669957936,crypto_exchange,192.168.1.2
user_9,2025-11-06 03:56:07.782183,1927.3466617074205,bills,91.200.12.2
user_8,2025-11-06 12:42:50.180891,383.4004711221884,groceries,91.200.12.2
user_1,2025-11-07 08:27:21.400351,852.2474639643976,groceries,91.200.12.4
user_1,2025-11-09 16:28:34.511427,160.91387291720912,groceries,91.200.12.4
user_2,2025-11-11 02:22:11.001472,35.09475021197743,bills,192.168.1.2
user_8,2025-11-11 03:10:43.710104,140.3484760908012,entertainment,91.200.12.2
user_4,2025-11-11 06:05:24.126639,638.5479475554994,bills,192.168.1.2
user_9,2025-11-11 11:30:18.131750,218.39882924632366,entertainment,91.200.12.2
user_9,2025-11-12 12:16:26.034838,48.88134574924777,groceries,91.200.12.2
user_4,2025-11-14 16:51:55.930239,331.9458804965544,bills,192.168.1.2
user_2,2025-11-16 02:41:16.412063,220.1536003066424,gambling,192.168.1.2
user_1,2025-11-16 04:45:06.979354,118.67917924771994,entertainment,91.200.12.4
user_8,2025-11-17 16:24:32.793148,76.19868410924948,groceries,91.200.12.2
user_2,2025-11-20 01:28:32.113337,76.77966188980346,transport,192.168.1.2
user_8,2025-11-20 10:39:51.536367,56.353120299521926,entertainment,91.200.12.2
user_9,2025-11-20 18:37:10.901924,391.82353108503685,bills,91.200.12.2
user_8,2025-11-21 21:58:01.679018,587.0193515309886,crypto_exchange,91.200.12.2
user_7,2025-11-21 23:09:39.680818,4143.278733225807,bills,192.168.1.1
user_1,2025-11-22 07:19:57.507996,768.5240658323688,transport,91.200.12.4
user_4,2025-11-22 08:48:00.668674,144.59284002726562,bills,192.168.1.2
user_3,2025-11-22 10:21:01.459991,3128.9755081342855,entertainment,192.168.1.1
user_9,2025-11-23 15:18:06.771328,515.0537162698602,groceries,91.200.12.2
user_3,2025-11-23 16:22:44.459223,937.36022223234,transport,192.168.1.1
user_9,2025-11-24 12:35:44.701368,228.75976848459538,groceries,91.200.12.2
user_3,2025-11-24 21:25:13.737329,65.00798927110229,bills,192.168.1.1
user_4,2025-11-25 06:48:54.495447,508.95696881013316,bills,192.168.1.2
user_3,2025-11-25 07:16:22.243068,708.5639648688551,entertainment,192.168.1.1
user_1,2025-11-25 14:26:51.732306,784.3665264465908,groceries,91.200.12.4
user_8,2025-11-25 15:51:37.405907,96.52222857225063,groceries,91.200.12.2
user_3,2025-11-26 12:06:06.791763,143.5323049516555,entertainment,192.168.1.1
user_2,2025-11-26 13:56:57.923580,125.5401226816438,entertainment,192.168.1.2
user_9,2025-11-27 04:53:16.822394,1473.6268105348947,groceries,91.200.12.2
user_7,2025-11-27 09:16:25.397277,135.05654656026547,transport,192.168.1.1
user_4,2025-11-28 09:11:48.960231,404.0344876924252,bills,192.168.1.2
user_4,2025-11-29 03:29:10.631479,71.84831115314385,entertainment,192.168.1.2
user_4,2025-11-29 23:54:49.831257,24.388112336986026,entertainment,192.168.1.2
user_9,2025-11-30 05:26:24.198566,84.78275674615793,bills,91.200.12.2
user_3,2025-11-30 05:34:41.959861,403.37038693418174,groceries,192.168.1.1
user_9,2025-11-30 06:35:51.587985,1911.9427352925456,bills,91.200.12.2
user_7,2025-12-01 20:38:00.430499,274.1857337264738,bills,192.168.1.1
user_1,2025-12-02 02:01:04.081279,210.95647278940282,bills,91.200.12.4
user_8,2025-12-02 16:49:26.600214,2348.7909628817297,transport,91.200.12.2
user_2,2025-12-03 18:15:51.928243,88.31556418281156,entertainment,192.168.1.2
user_4,2025-12-04 22:20:08.304841,1858.0803001640973,bills,192.168.1.2
user_7,2025-12-05 17:54:20.459206,106.17657910688094,groceries,192.168.1.1
user_9,2025-12-05 21:09:01.234191,175.81333122598053,bills,91.200.12.2
user_8,2025-12-06 14:43:12.137299,32.726510814035144,bills,91.200.12.2
user_1,2025-12-07 16:24:20.962462,123.3906004995592,bills,91.200.12.4
user_3,2025-12-08 13:07:36.041538,111.6684445916251,bills,192.168.1.1
user_4,2025-12-08 16:57:43.726243,668.4999848682315,bills,192.168.1.2
user_2,2025-12-09 14:06:50.718300,848.2448554180614,groceries,192.168.1.2
user_1,2025-12-09 22:16:15.864312,126.70598995589418,entertainment,91.200.12.4
user_9,2025-12-10 16:55:14.297285,86.05047520729525,bills,91.200.12.2
user_8,2025-12-11 01:04:37.701375,1313.2728693833337,bills,91.200.12.2
user_1,2025-12-12 02:16:44.225869,859.1783657013248,transport,91.200.12.4
user_7,2025-12-12 04:10:41.456521,139.01952105593256,gambling,192.168.1.1
user_8,2025-12-13 14:03:26.579168,1922.79966632081,wire_transfer,91.200.12.2
user_2,2025-12-14 03:42:26.830147,87.304494806631,entertainment,192.168.1.2
user_2,2025-12-14 21:20:39.732895,44.805709895429395,entertainment,192.168.1.2
user_3,2025-12-15 05:21:04.560770,126.36879981186893,entertainment,192.168.1.1
user_4,2025-12-15 11:24:36.316180,2906.8807575592227,groceries,192.168.1.2
user_7,2025-12-16 05:18:43.927701,681.5928297612164,bills,192.168.1.1
user_8,2025-12-17 09:00:51.291840,105.61661173671824,bills,91.200.12.2
user_9,2025-12-18 10:18:02.649713,185.45215597942797,transport,91.200.12.2
user_9,2025-12-18 18:57:34.740647,113.8628498928833,bills,91.200.12.2
user_1,2025-12-18 19:13:49.740752,72.71672898016398,transport,91.200.12.4
user_4,2025-12-18 23:05:40.725728,20129.59693342344,wire_transfer,91.200.12.0
user_2,2025-12-19 15:25:00.224351,151.45805270657536,groceries,192.168.1.2
user_9,2025-12-21 10:56:49.552010,106.29349825341974,transport,91.200.12.2
user_3,2025-12-21 17:19:56.724744,2296.184957713741,wire_transfer,91.200.12.3
user_7,2025-12-22 07:26:58.164843,234.41406729566413,entertainment,192.168.1.1
user_7,2025-12-22 21:41:14.237803,254.23479886258656,entertainment,192.168.1.1
user_8,2025-12-23 04:29:56.150415,434.5659743386031,entertainment,91.200.12.2
user_2,2025-12-23 11:01:37.036095,648.0855536370456,transport,192.168.1.2
user_1,2025-12-23 16:29:09.163937,314.03818859932835,bills,91.200.12.4
user_9,2025-12-24 07:23:44.872008,205.2792651505564,transport,91.200.12.2
user_4,2025-12-26 12:36:40.058769,476.15642150715814,bills,91.200.12.0
user_1,2025-12-27 22:57:35.951380,144.35456214674866,groceries,91.200.12.4
user_7,2025-12-29 00:06:31.828865,105.82275276405906,entertainment,192.168.1.1
user_3,2025-12-29 08:05:02.085957,426.872152764263,gambling,91.200.12.3
user_2,2025-12-29 14:57:07.230436,292.5540581118867,transport,192.168.1.2
user_8,2025-12-30 04:52:55.554956,86.16176132856424,entertainment,91.200.12.2
user_7,2025-12-31 02:18:37.317043,116.83768454885157,transport,192.168.1.1
user_1,2025-12-31 15:34:08.676617,112.51381777451127,bills,91.200.12.4
user_9,2025-12-31 18:48:04.881788,254.4048296840133,transport,91.200.12.2
user_8,2025-12-31 20:16:46.374524,259.3539251337826,bills,91.200.12.2
user_4,2026-01-02 21:50:02.949473,124.69792309584732,entertainment,91.200.12.0
user_1,2026-01-03 02:11:14.256894,635.3617797895073,entertainment,91.200.12.4
user_8,2026-01-03 06:21:20.437778,322.52867329887056,transport,91.200.12.2
user_9,2026-01-05 08:37:05.434149,135.7516566221852,transport,91.200.12.2
user_2,2026-01-05 15:53:11.746081,581.1623023696893,bills,192.168.1.2
user_3,2026-01-05 20:47:25.640536,189.3308326264003,groceries,91.200.12.3
user_7,2026-01-06 11:03:09.177062,211.52391226226777,crypto_exchange,192.168.1.1
user_8,2026-01-06 21:27:40.328160,417.37351041428843,groceries,91.200.12.2
user_4,2026-01-07 08:05:51.064145,198.8720318581204,groceries,91.200.12.0
user_9,2026-01-07 19:06:56.308418,69.35952591427122,transport,91.200.12.2
user_3,2026-01-09 12:20:31.818625,75.86961954123868,bills,91.200.12.3
user_4,2026-01-09 22:38:05.605766,1025.1340173121744,bills,91.200.12.0
user_1,2026-01-10 16:56:58.546524,209.27337325988728,bills,91.200.12.4
user_3,2026-01-11 04:20:05.139651,21.24616202793876,entertainment,91.200.12.3
user_2,2026-01-12 02:12:35.833339,242.43287611796364,bills,192.168.1.2
user_8,2026-01-12 13:46:25.196891,158.4874227749571,bills,91.200.12.2
user_4,2026-01-12 17:01:33.964508,34.37139956507027,transport,91.200.12.0
user_7,2026-01-13 17:04:25.571405,38.301535455076454,entertainment,192.168.1.1
user_4,2026-01-14 04:22:28.291840,458.40608433592797,bills,91.200.12.0
user_1,2026-01-14 08:01:48.092804,1054.947170942585,groceries,91.200.12.4
user_7,2026-01-14 11:24:34.451214,146.72676764569027,groceries,192.168.1.1
user_9,2026-01-15 05:28:41.819089,131.43511518474816,groceries,91.200.12.2
user_9,2026-01-15 19:42:58.652189,497.84179166468914,entertainment,91.200.12.2
user_1,2026-01-17 17:39:02.670460,212.4778824579045,entertainment,91.200.12.4
user_2,2026-01-18 13:10:30.930062,87.19600311145398,groceries,192.168.1.2
user_4,2026-01-18 20:37:55.494963,1359.3830889773776,entertainment,91.200.12.0
user_3,2026-01-19 01:59:35.276087,5103.421306281608,wire_transfer,91.200.12.0
user_8,2026-01-19 05:27:35.148655,147.7379771382667,entertainment,91.200.12.2
user_0,2026-01-19 11:07:10.773345,1653.840863794026,groceries,91.200.12.4
user_1,2026-01-19 15:26:03.194745,22.5015882448408,entertainment,91.200.12.4
user_4,2026-01-20 14:13:15.133560,82.65221872070511,groceries,91.200.12.0
user_7,2026-01-21 16:41:57.339340,56.61965262789333,groceries,192.168.1.1
user_8,2026-01-22 20:12:54.690350,165.7574347242013,groceries,91.200.12.2
user_0,2026-01-24 07:01:09.167005,372.81967778355477,groceries,91.200.12.4
user_4,2026-01-24 08:15:18.198042,620.5859401895232,entertainment,91.200.12.0
user_2,2026-01-25 00:10:57.821264,400.3890062089186,bills,192.168.1.2
user_4,2026-01-25 05:35:58.143842,182.39945725895024,transport,91.200.12.0
user_8,2026-01-26 01:27:31.355711,307.36776847803236,bills,91.200.12.2
user_3,2026-01-27 00:40:53.411247,372.20006489683334,entertainment,91.200.12.0
user_1,2026-01-27 01:38:07.011554,3023.7702077280323,entertainment,91.200.12.4
user_0,2026-01-27 05:14:32.715811,129.6833701401554,bills,91.200.12.4
user_7,2026-01-27 08:06:42.842899,1033.9861720024603,transport,192.168.1.1
user_1,2026-01-29 14:25:31.084588,428.36029580739444,transport,91.200.12.4
user_1,2026-01-29 21:14:25.215470,3775.5242639253393,wire_transfer,91.200.12.1
user_3,2026-01-30 06:39:39.344315,652.9291628094243,bills,91.200.12.0
user_8,2026-01-30 09:41:12.592484,72.11955708467914,entertainment,91.200.12.2
user_2,2026-01-30 11:20:39.115902,171.40951488559386,entertainment,192.168.1.2
user_4,2026-01-31 10:32:24.224825,660.5751182248599,groceries,91.200.12.0
user_8,2026-01-31 13:21:28.803119,148.45477075170942,entertainment,91.200.12.2
user_7,2026-01-31 15:20:57.174235,110.91093447794069,entertainment,192.168.1.1
user_0,2026-01-31 21:31:43.494033,367.949588708484,entertainment,91.200.12.4
user_3,2026-01-31 22:09:54.241971,72.80682691828218,entertainment,91.200.12.0
user_7,2026-02-01 13:44:08.539923,149.7700105003049,gambling,192.168.1.1
user_2,2026-02-02 22:02:45.337451,71.95626517350235,transport,192.168.1.2
user_3,2026-02-03 08:08:20.966890,224.728896080553,groceries,91.200.12.0
user_0,2026-02-03 20:34:36.275491,8.843862304047555,bills,91.200.12.4
user_8,2026-02-05 13:54:27.858828,246.34096600812242,bills,91.200.12.2
user_1,2026-02-05 16:39:26.820793,74.18237583391897,entertainment,91.200.12.1
user_7,2026-02-06 02:00:43.658757,558.6619874271722,groceries,192.168.1.1
user_8,2026-02-07 06:04:12.841262,34.377157089102525,bills,91.200.12.2
user_4,2026-02-07 08:58:23.655832,121.18793997649264,entertainment,91.200.12.0
user_2,2026-02-07 15:24:05.611814,1063.0561080926686,groceries,192.168.1.2
user_3,2026-02-08 11:02:18.296679,204.94933750245323,transport,91.200.12.0
user_7,2026-02-08 12:58:15.209872,220.01819290072092,entertainment,192.168.1.1
user_0,2026-02-09 10:34:28.226106,1106.4977113996513,entertainment,91.200.12.4
user_2,2026-02-09 15:59:09.911226,71.56564546276581,bills,192.168.1.2
user_0,2026-02-10 14:25:45.428766,772.4580680384231,groceries,91.200.12.4
user_1,2026-02-11 23:54:14.484330,56.449063705183995,groceries,91.200.12.1
user_7,2026-02-12 02:27:53.418784,710.0898775091396,gambling,192.168.1.1
user_8,2026-02-13 22:15:39.257768,311.9025500361646,transport,91.200.12.2
user_2,2026-02-14 02:43:11.614089,36.518931475597654,groceries,192.168.1.2
user_4,2026-02-14 07:28:57.424742,121.02069502110469,transport,91.200.12.0
user_3,2026-02-16 01:04:25.838843,21.902596333215783,entertainment,91.200.12.0
user_2,2026-02-16 20:39:49.850517,692.6025286767539,entertainment,192.168.1.2
user_3,2026-02-17 04:16:33.908291,125.92955228592844,bills,91.200.12.0
user_8,2026-02-17 11:47:10.638710,257.64673880608984,groceries,91.200.12.2
user_1,2026-02-17 20:03:31.139079,815.482854760512,transport,91.200.12.1
user_7,2026-02-18 00:57:12.706410,893.7705567486875,entertainment,192.168.1.1
user_0,2026-02-18 06:58:08.511371,3551.7221755179226,wire_transfer,91.200.12.3
user_8,2026-02-19 07:46:31.956018,545.2076804184991,transport,91.200.12.2
user_1,2026-02-20 13:16:03.202088,258.9088467913815,groceries,91.200.12.1
user_8,2026-02-23 12:35:06.456882,632.1025763078792,groceries,91.200.12.2
user_2,2026-02-24 08:36:57.603104,119.94577965222084,groceries,192.168.1.2
user_1,2026-02-24 14:06:35.333707,1272.1303837701957,entertainment,91.200.12.1
user_3,2026-02-24 15:23:22.229690,583.3671644871721,entertainment,91.200.12.0
user_3,2026-02-25 08:01:21.284111,433.62006062353987,groceries,91.200.12.0
user_8,2026-02-25 17:52:09.729506,89.40710337025813,bills,91.200.12.2
user_7,2026-02-26 00:09:58.434838,654.9862866947383,transport,192.168.1.1
user_0,2026-02-26 04:32:35.656973,84.67488183203578,bills,91.200.12.3
user_2,2026-02-28 09:11:01.734693,408.394595278303,bills,192.168.1.2
user_7,2026-03-02 08:33:57.569220,473.6303088894062,transport,192.168.1.1
user_3,2026-03-02 12:18:15.592174,865.9446033746813,bills,91.200.12.0
user_8,2026-03-02 18:05:33.093788,190.66128162767802,groceries,91.200.12.2
user_1,2026-03-02 19:33:14.745235,152.7833786685941,bills,91.200.12.1
user_3,2026-03-03 02:02:49.191393,109.20596538738282,groceries,91.200.12.0
user_8,2026-03-04 08:47:37.104380,252.87863207660195,groceries,91.200.12.2
user_1,2026-03-05 08:15:33.593564,195.73411893750443,transport,91.200.12.1
user_0,2026-03-06 03:10:03.002393,273.36503507281986,bills,91.200.12.3
user_2,2026-03-07 11:37:52.642292,72.50752779975976,groceries,192.168.1.2
user_3,2026-03-08 00:06:13.953616,145.87411393412964,entertainment,91.200.12.0
user_7,2026-03-08 12:58:49.645429,27.970251483401046,transport,192.168.1.1
user_7,2026-03-09 16:08:10.821362,238.4873000101685,bills,192.168.1.1
user_1,2026-03-11 10:07:38.655375,61.20125301610501,groceries,91.200.12.1
user_8,2026-03-11 12:19:00.691357,38.29908125436504,entertainment,91.200.12.2
user_2,2026-03-12 20:11:02.818043,405.1362997866635,bills,192.168.1.2
user_0,2026-03-13 23:12:37.069301,960.8532748356184,entertainment,91.200.12.3
user_8,2026-03-14 20:46:42.457549,70.52888993835589,transport,91.200.12.2
user_3,2026-03-15 19:23:29.110631,2007.0262316140129,gambling,91.200.12.0
user_0,2026-03-15 19:50:54.897068,54.782996852851085,groceries,91.200.12.3
user_7,2026-03-16 00:53:40.487453,404.3268980267728,entertainment,192.168.1.1
user_2,2026-03-16 01:07:20.129784,48.189220377669585,transport,192.168.1.2
user_2,2026-03-18 01:04:44.592925,70.16052686122238,transport,192.168.1.2
user_1,2026-03-18 09:57:07.153271,149.19267478034672,bills,91.200.12.1
user_0,2026-03-19 13:25:05.787535,84.26568473357597,entertainment,91.200.12.3
user_3,2026-03-19 14:26:53.099160,170.24525974101635,transport,91.200.12.0
user_8,2026-03-19 15:13:58.053009,73.0724844964857,groceries,91.200.12.2
user_3,2026-03-20 11:41:07.180514,159.1277460801968,groceries,91.200.12.0
user_1,2026-03-21 20:10:49.671480,100.70678173998652,transport,91.200.12.1
user_2,2026-03-22 21:18:27.884073,117.56370469569146,bills,192.168.1.2
user_7,2026-03-22 23:19:31.387052,237.3402466435507,groceries,192.168.1.1
user_0,2026-03-24 11:00:57.622308,277.17092312273945,bills,91.200.12.3
user_7,2026-03-25 10:29:17.845555,153.08456109232625,bills,192.168.1.1
user_0,2026-03-25 22:27:23.565919,209.61718841184532,bills,91.200.12.3
user_8,2026-03-25 23:41:16.954156,733.5297358732197,bills,91.200.12.2
user_1,2026-03-26 01:19:54.673587,92.38646656393469,bills,91.200.12.1
user_3,2026-03-27 04:08:03.811389,75.44746551844479,groceries,91.200.12.0
user_1,2026-03-27 08:26:10.592607,144.0157924815013,transport,91.200.12.1
user_2,2026-03-29 10:13:25.466011,100.38971580360064,transport,192.168.1.2
user_0,2026-03-31 05:32:51.709149,500.9057141465993,entertainment,91.200.12.3
user_7,2026-04-01 02:28:52.116063,182.55288128611429,bills,192.168.1.1
user_7,2026-04-01 06:48:27.540652,55.96320240925326,groceries,192.168.1.1
user_1,2026-04-02 00:50:18.240135,201.23645810545418,groceries,91.200.12.1
user_0,2026-04-02 01:13:03.611958,347.79316216559175,groceries,91.200.12.3
user_6,2026-04-02 21:57:19.602677,645.0756693166123,bills,192.168.1.1
user_8,2026-04-03 05:21:42.456515,330.2120571773491,transport,91.200.12.2
user_7,2026-04-03 09:56:25.825269,1037.0044291538343,transport,192.168.1.1
user_5,2026-04-03 15:16:42.433117,2655.153876378085,transport,91.200.12.0
user_3,2026-04-03 16:57:12.788940,83.33061568526468,groceries,91.200.12.0
user_7,2026-04-04 20:44:24.461829,155.90129410228766,entertainment,192.168.1.1
user_2,2026-04-06 17:22:34.900081,147.37450150395432,transport,192.168.1.2
user_8,2026-04-06 21:39:17.469596,221.5032938616919,transport,91.200.12.2
user_6,2026-04-07 11:20:04.734524,172.57774371900337,groceries,192.168.1.1
user_0,2026-04-08 00:19:51.931103,439.8994409501545,groceries,91.200.12.3
user_2,2026-04-08 12:40:39.717717,602.8498622894165,groceries,192.168.1.2
user_7,2026-04-09 22:19:54.526195,386.6667883299459,entertainment,192.168.1.1
user_5,2026-04-09 22:55:47.781260,124.92018869886108,bills,91.200.12.0
user_0,2026-04-10 13:22:35.641161,60.47301488155395,entertainment,91.200.12.3
user_2,2026-04-10 15:18:40.369088,223.57045989728823,entertainment,192.168.1.2
user_5,2026-04-11 05:25:13.430722,451.8681199117593,entertainment,91.200.12.0
user_8,2026-04-11 10:21:00.984360,82.32485522670102,bills,91.200.12.2
user_2,2026-04-11 15:08:21.484818,240.52590486682445,groceries,192.168.1.2
user_0,2026-04-11 16:30:19.048740,168.50218520567262,groceries,91.200.12.3
user_0,2026-04-13 09:52:56.956147,33.75714230359721,transport,91.200.12.3
user_7,2026-04-13 14:13:30.668897,376.6032231100815,bills,192.168.1.1
user_5,2026-04-13 22:08:10.275617,41.5414697167165,bills,91.200.12.0
user_5,2026-04-14 02:08:01.186737,246.6503955597828,groceries,91.200.12.0
user_0,2026-04-14 11:18:36.652380,176.15550337233924,groceries,91.200.12.3
user_6,2026-04-15 04:05:31.474509,325.5364130293741,bills,192.168.1.1
user_0,2026-04-17 06:57:10.374662,955.1966391029391,entertainment,91.200.12.3
user_2,2026-04-17 23:50:05.961129,41.637499716945435,groceries,192.168.1.2
user_8,2026-04-18 00:19:49.452738,348.1731185316124,entertainment,91.200.12.2
user_6,2026-04-18 17:44:31.143893,53.62137241340569,groceries,192.168.1.1
user_5,2026-04-19 20:01:53.921560,70.6980982753436,bills,91.200.12.0
user_7,2026-04-20 19:10:40.800157,715.8445895582954,bills,192.168.1.1
user_0,2026-04-22 01:36:29.844866,60.133672061778654,bills,91.200.12.3
user_7,2026-04-23 07:50:53.876132,166.4896474224056,groceries,192.168.1.1
user_6,2026-04-23 12:06:07.542629,731.4406788955737,transport,192.168.1.1
user_2,2026-04-24 03:42:09.905715,819.7148418805473,bills,192.168.1.2
user_6,2026-04-24 10:14:02.743024,405.8910234976513,transport,192.168.1.1
user_8,2026-04-25 10:57:55.985309,180.06837276192869,entertainment,91.200.12.2
user_5,2026-04-25 11:21:10.243960,439.9336748069844,groceries,91.200.12.0
user_8,2026-04-25 13:42:00.011184,176.17085084864115,groceries,91.200.12.2
user_7,2026-04-27 10:57:44.026073,948.0410667486477,transport,192.168.1.1
user_5,2026-04-27 16:41:24.979223,154.03873996040195,groceries,91.200.12.0
user_2,2026-04-28 15:40:11.237799,736.0832345356189,groceries,192.168.1.2
user_0,2026-04-29 19:06:57.186807,50.598582202031174,entertainment,91.200.12.3
user_6,2026-05-01 17:03:05.935229,109.6343176952391,bills,192.168.1.1
user_0,2026-05-03 02:41:52.203491,454.4425621652382,groceries,91.200.12.3
user_7,2026-05-04 04:06:13.262763,72.27071768670457,groceries,192.168.1.1
user_5,2026-05-04 10:07:18.782043,413.0858186520495,gambling,91.200.12.0
user_2,2026-05-04 23:20:25.435816,581.8758360049064,groceries,192.168.1.2
user_2,2026-05-05 20:46:19.260098,356.3330138094944,bills,192.168.1.2
user_5,2026-05-08 10:43:34.717094,346.00402249064507,entertainment,91.200.12.0
user_6,2026-05-08 15:37:01.607740,116.08542597128506,bills,192.168.1.1
user_6,2026-05-08 19:17:35.619087,58.47796714562358,groceries,192.168.1.1
user_5,2026-05-09 22:34:15.103949,33.55979277221672,transport,91.200.12.0
user_7,2026-05-11 09:34:51.221732,420.3412429321701,entertainment,192.168.1.1
user_0,2026-05-11 09:52:15.201545,55.55934031374317,bills,91.200.12.3
user_7,2026-05-12 21:42:48.808670,357.06206695333594,bills,192.168.1.1
user_2,2026-05-13 10:17:07.689777,165.1091399741135,transport,192.168.1.2
user_5,2026-05-16 00:10:10.017524,112.60260951272748,entertainment,91.200.12.0
user_6,2026-05-16 10:31:49.243513,375.53259566475685,bills,192.168.1.1
user_2,2026-05-17 05:16:33.744634,227.93354907337238,bills,192.168.1.2
user_7,2026-05-19 06:50:15.591363,172.82960791359716,groceries,192.168.1.1
user_7,2026-05-19 08:20:30.962853,88.63233309977922,transport,192.168.1.1
user_6,2026-05-19 13:47:29.176624,42.21330134708413,bills,192.168.1.1
user_7,2026-05-19 19:30:46.689324,571.1123158843766,bills,192.168.1.1
user_6,2026-05-20 09:26:12.510657,434.2520728212466,groceries,192.168.1.1
user_6,2026-05-20 11:54:32.722283,2527.555927430921,wire_transfer,91.200.12.1
user_5,2026-05-20 18:13:02.783683,50.802702439500806,bills,91.200.12.0
user_2,2026-05-22 11:51:41.013249,70.56710595723376,groceries,192.168.1.2
user_7,2026-05-24 02:39:12.289489,2565.859986264276,gambling,192.168.1.1
user_5,2026-05-24 13:21:52.076072,473.7103344347434,bills,91.200.12.0
user_5,2026-05-25 13:08:43.766954,207.78531563330506,groceries,91.200.12.0
user_6,2026-05-25 13:43:29.427121,93.10835332297893,groceries,91.200.12.1
user_5,2026-05-26 04:51:14.006220,258.4929691463865,groceries,91.200.12.0
user_4,2026-05-27 07:28:57.424742,407.1263239057285,bills,91.200.12.0
user_5,2026-05-27 07:49:56.411658,268.6372437406053,crypto_exchange,91.200.12.0
user_5,2026-05-29 21:53:41.056069,602.2502867917879,crypto_exchange,91.200.12.0
user_2,2026-05-30 13:23:15.259753,591.5728008713462,entertainment,192.168.1.2
user_7,2026-05-30 17:38:06.222560,13438.702550301965,wire_transfer,91.200.12.1
user_2,2026-05-31 17:21:39.342097,205.10067501190542,groceries,192.168.1.2
user_6,2026-06-02 18:10:22.008552,37.81737838295902,groceries,91.200.12.1
user_4,2026-06-04 02:54:27.838748,135.08509598445175,groceries,91.200.12.0
user_2,2026-06-04 13:28:52.238565,442.45301455912704,transport,192.168.1.2
user_5,2026-06-04 21:14:07.745700,16599.470072485998,wire_transfer,91.200.12.4
user_6,2026-06-06 04:40:34.221186,73.28884898452745,entertainment,91.200.12.1
user_5,2026-06-06 06:08:08.801331,707.1828895920588,bills,91.200.12.4
user_2,2026-06-06 14:55:59.786265,175.13848191756813,groceries,192.168.1.2
user_7,2026-06-07 06:52:48.760356,526.9495366505432,entertainment,91.200.12.1
user_7,2026-06-07 12:42:24.220253,174.79492125349117,bills,91.200.12.1
user_5,2026-06-07 12:51:50.612105,103.35085192825392,groceries,91.200.12.4
user_7,2026-06-09 08:34:47.896923,162.2081803509875,bills,91.200.12.1
user_7,2026-06-09 13:00:52.209895,101.56733310499368,entertainment,91.200.12.1
user_4,2026-06-11 00:58:28.685124,446.1777498092016,groceries,91.200.12.0
user_6,2026-06-11 15:49:16.566761,137.92711529466848,bills,91.200.12.1
user_7,2026-06-11 19:35:03.954432,1541.302111703609,groceries,91.200.12.1
user_2,2026-06-12 15:55:54.113755,191.52907643792827,entertainment,192.168.1.2
user_6,2026-06-13 03:04:57.458713,1915.996610559323,bills,91.200.12.1
user_5,2026-06-15 04:00:02.414386,339.24760474784824,bills,91.200.12.4
user_4,2026-06-15 23:57:39.744941,977.6711054263571,bills,91.200.12.0
user_4,2026-06-16 16:31:13.266652,2845.401843651634,wire_transfer,91.200.12.2
user_7,2026-06-18 02:09:01.792718,163.6729395046598,groceries,91.200.12.1
user_6,2026-06-19 15:44:57.461591,193.82434137618563,groceries,91.200.12.1
user_2,2026-06-19 17:09:54.957111,377.0242429457945,transport,192.168.1.2
user_5,2026-06-19 23:19:46.031803,109.20339196375387,groceries,91.200.12.4
user_7,2026-06-21 04:15:36.329815,40.25671857574005,transport,91.200.12.1
user_6,2026-06-23 03:32:25.635372,560.2288630308574,groceries,91.200.12.1
user_5,2026-06-23 19:06:09.096117,170.98070820384376,bills,91.200.12.4
user_7,2026-06-23 21:43:28.666020,1116.1956655595534,transport,91.200.12.1
user_4,2026-06-24 04:54:08.150002,297.0051522701718,entertainment,91.200.12.2
user_2,2026-06-25 02:13:11.642210,536.3228910127457,bills,192.168.1.2
user_6,2026-06-25 09:56:26.131736,329.6991933593727,bills,91.200.12.1
user_2,2026-06-28 02:20:25.656425,45.867430550862956,bills,192.168.1.2
user_5,2026-06-29 12:58:13.241492,446.15809839718594,transport,91.200.12.4
user_4,2026-06-29 21:27:55.420518,328.4059102898794,groceries,91.200.12.2
user_4,2026-06-29 23:32:25.498065,53.04182185236452,groceries,91.200.12.2
user_6,2026-07-01 02:00:00.504689,227.6692532270506,bills,91.200.12.1
user_7,2026-07-01 05:31:02.318526,809.2003027057126,groceries,91.200.12.1
user_2,2026-07-01 23:12:12.520727,804.2473478541742,entertainment,192.168.1.2
user_4,2026-07-02 12:45:51.910515,60.17643895974004,entertainment,91.200.12.2
user_7,2026-07-06 03:23:19.579616,132.25301432155283,entertainment,91.200.12.1
user_5,2026-07-07 00:40:06.796928,34.503486319729724,entertainment,91.200.12.4
user_6,2026-07-07 13:39:37.047015,483.1947707195854,entertainment,91.200.12.1
user_7,2026-07-08 01:38:59.367956,120.97384848732416,bills,91.200.12.1
user_2,2026-07-08 20:23:30.456754,148.36370748049882,transport,192.168.1.2
user_5,2026-07-09 15:02:47.523988,478.468066550589,bills,91.200.12.4
user_7,2026-07-09 15:51:49.737175,246.6871513896827,groceries,91.200.12.1
user_6,2026-07-10 12:19:18.809878,417.2274408943315,entertainment,91.200.12.1
user_2,2026-07-10 20:11:45.132985,19.986463861481553,bills,192.168.1.2
user_6,2026-07-12 19:20:04.044746,603.9665433665693,transport,91.200.12.1
user_5,2026-07-15 05:12:23.043562,28.958000132342036,groceries,91.200.12.4
user_2,2026-07-15 07:58:49.931912,125.76347867704912,groceries,192.168.1.2
user_6,2026-07-15 21:03:31.173882,32.06126550480616,transport,91.200.12.1
user_2,2026-07-18 18:08:20.219721,117.38599048433997,entertainment,192.168.1.2
user_5,2026-07-19 08:20:03.452713,39.86849041999216,groceries,91.200.12.4
user_6,2026-07-19 17:33:46.764221,393.2771237627843,groceries,91.200.12.1
user_2,2026-07-20 16:23:48.199733,125.81073380135804,transport,192.168.1.2
user_2,2026-07-21 08:52:10.237824,316.82909073112376,crypto_exchange,192.168.1.2
user_5,2026-07-22 08:26:48.323773,297.8242068145956,groceries,91.200.12.4
user_6,2026-07-25 04:09:10.858444,22.807148694612913,transport,91.200.12.1
user_5,2026-07-27 15:59:01.541949,452.867237013554,transport,91.200.12.4
user_2,2026-07-28 15:48:34.505143,738.1587241096279,groceries,192.168.1.2
user_9,2026-07-28 19:42:58.652189,787.2487898137065,bills,91.200.12.2
user_6,2026-07-31 22:59:58.872593,397.61718409184033,entertainment,91.200.12.1
user_6,2026-08-01 08:10:17.944186,251.5736015699379,groceries,91.200.12.1
user_6,2026-08-02 14:56:17.432393,137.32447887619432,bills,91.200.12.1
user_9,2026-08-02 23:33:10.306534,255.50917205780578,entertainment,91.200.12.2
user_5,2026-08-04 19:36:24.187835,724.3907747063342,transport,91.200.12.4
user_6,2026-08-06 00:19:11.771078,903.5402772401569,bills,91.200.12.1
user_9,2026-08-06 01:28:52.375854,133.3579652797076,groceries,91.200.12.2
user_6,2026-08-11 16:06:14.805864,415.3737280685792,groceries,91.200.12.1
user_5,2026-08-12 03:42:16.616917,188.52677285696117,bills,91.200.12.4
user_5,2026-08-12 17:48:25.851850,1666.3912437869499,entertainment,91.200.12.4
user_9,2026-08-14 05:13:07.726453,436.6154888214169,crypto_exchange,91.200.12.2
user_6,2026-08-16 12:16:21.785667,274.10180262879254,entertainment,91.200.12.1
user_9,2026-08-16 14:44:51.178864,433.78856629267113,groceries,91.200.12.2
user_6,2026-08-16 21:04:24.012061,474.29686507401817,transport,91.200.12.1
user_6,2026-08-18 17:53:29.452501,248.22494337870555,bills,91.200.12.1
user_6,2026-08-19 06:52:09.129842,782.1845040735808,entertainment,91.200.12.1
user_5,2026-08-19 22:41:49.077770,25.642405558843077,groceries,91.200.12.4
user_6,2026-08-22 12:57:16.501355,16.90640004451072,entertainment,91.200.12.1
user_5,2026-08-24 11:34:39.944241,464.6462000629165,groceries,91.200.12.4
user_9,2026-08-24 12:50:20.118282,352.72657588059735,transport,91.200.12.2
user_6,2026-08-24 21:51:08.252083,137.952999856502,entertainment,91.200.12.1
user_6,2026-08-25 18:44:44.741228,442.03328841188113,bills,91.200.12.1
user_9,2026-08-27 03:44:15.644601,350.9386157082559,bills,91.200.12.2
user_5,2026-08-27 17:49:32.363223,195.40357136951235,transport,91.200.12.4
user_5,2026-08-29 03:43:43.432199,289.23292726916776,groceries,91.200.12.4
user_5,2026-09-01 01:20:50.751658,174.68352201667685,transport,91.200.12.4
user_6,2026-09-02 03:03:35.167315,94.50364213799472,bills,91.200.12.1
user_5,2026-09-04 12:44:34.287438,70.95320542394579,groceries,91.200.12.4
user_5,2026-09-06 04:19:17.734365,128.7423967808019,transport,91.200.12.4
user_5,2026-09-06 18:42:06.089563,75.98925717512901,entertainment,91.200.12.4
user_3,2026-09-08 16:57:12.788940,325.8843097922195,bills,91.200.12.0
user_6,2026-09-08 23:39:36.906406,357.64589030532784,groceries,91.200.12.1
user_5,2026-09-12 07:09:52.063490,87.22148800493318,groceries,91.200.12.4
user_5,2026-09-13 20:35:59.862123,149.88665825298295,groceries,91.200.12.4
user_5,2026-09-14 04:04:23.515284,2235.0573594642474,transport,91.200.12.4
user_0,2026-09-14 09:52:15.201545,381.6431741711152,transport,91.200.12.3
user_6,2026-09-16 07:05:59.170084,104.60371443317614,entertainment,91.200.12.1
user_3,2026-09-16 08:21:14.362241,96.60923420504007,groceries,91.200.12.0
user_5,2026-09-17 12:45:14.396489,206.76726967370536,bills,91.200.12.4
user_5,2026-09-19 11:09:15.959065,119.12522095768006,bills,91.200.12.4
user_6,2026-09-21 08:12:11.322731,66.0084069955539,entertainment,91.200.12.1
user_3,2026-09-24 14:45:02.963757,99.99159234029291,bills,91.200.12.0
user_5,2026-09-25 14:55:56.253730,597.4441340059612,transport,91.200.12.4
user_3,2026-09-29 00:58:13.994975,283.6481344842828,groceries,91.200.12.0
user_6,2026-09-29 09:49:24.279198,568.3700197649966,transport,91.200.12.1
user_6,2026-09-30 08:01:32.343274,150.93601724232477,bills,91.200.12.1
user_5,2026-10-02 20:51:09.767295,498.5283099660044,entertainment,91.200.12.4
user_5,2026-10-04 14:23:17.813095,39.53397139740612,entertainment,91.200.12.4
user_3,2026-10-04 18:43:37.234582,1021.0625383084293,groceries,91.200.12.0
user_6,2026-10-04 22:27:09.218150,2018.9315263048916,wire_transfer,91.200.12.0
user_5,2026-10-05 20:13:32.158176,291.9678932768096,entertainment,91.200.12.4
user_3,2026-10-06 18:52:51.916943,146.05246928362078,transport,91.200.12.0
user_3,2026-10-08 07:02:59.180672,128.0364234168645,bills,91.200.12.0
user_6,2026-10-12 12:48:23.268566,132.06083336870608,entertainment,91.200.12.0
user_5,2026-10-13 11:56:22.078175,579.2230517540055,entertainment,91.200.12.4
user_3,2026-10-14 22:59:12.074679,411.6112934095445,bills,91.200.12.0
user_6,2026-10-17 14:54:31.972617,195.51478991471382,groceries,91.200.12.0
user_5,2026-10-18 15:00:22.347526,1302.1963480549198,crypto_exchange,91.200.12.4
user_3,2026-10-19 11:27:17.804957,158.5611731334887,transport,91.200.12.0
user_5,2026-10-19 15:00:27.147205,119.11572026621255,entertainment,91.200.12.4
user_3,2026-10-19 21:03:44.931268,141.59924993779296,groceries,91.200.12.0
user_6,2026-10-25 06:35:54.357622,2154.9381144464396,entertainment,91.200.12.0
user_3,2026-10-25 09:10:01.839588,386.52859339785994,groceries,91.200.12.0
user_5,2026-10-27 10:54:51.152079,233.78137452036492,entertainment,91.200.12.4
user_3,2026-10-29 04:48:08.926173,193.98531149275118,groceries,91.200.12.0
user_6,2026-11-01 00:09:52.474039,183.50772306796296,bills,91.200.12.0
user_6,2026-11-03 08:14:08.719488,283.8157082579327,transport,91.200.12.0
user_3,2026-11-03 15:56:29.645926,381.03800634915353,entertainment,91.200.12.0
user_5,2026-11-03 17:27:47.674427,210.82903540556435,groceries,91.200.12.4
user_5,2026-11-05 23:07:41.036246,1505.0772757934537,groceries,91.200.12.4
user_6,2026-11-09 15:45:49.377500,284.2189065222458,groceries,91.200.12.0
user_5,2026-11-10 12:11:08.964419,366.3162613085394,transport,91.200.12.4
user_3,2026-11-11 01:13:17.378324,175.60766943880307,entertainment,91.200.12.0
user_5,2026-11-11 08:02:25.824056,991.6095869770395,bills,91.200.12.4
user_6,2026-11-13 02:52:51.672843,253.77730651974997,transport,91.200.12.0
user_6,2026-11-13 07:32:51.585120,66.66487669555003,transport,91.200.12.0
user_5,2026-11-16 19:58:25.820421,199.3483468104594,transport,91.200.12.4
user_5,2026-11-19 02:55:19.798258,221.92703963801694,transport,91.200.12.4
user_3,2026-11-19 03:33:18.277766,116.29609484297787,transport,91.200.12.0
user_3,2026-11-19 06:40:24.766720,436.88280722755246,transport,91.200.12.0
user_2,2026-11-19 15:48:34.505143,2619.8256408943967,groceries,192.168.1.2
user_6,2026-11-21 01:09:38.384781,541.0025630772204,transport,91.200.12.0
user_2,2026-11-21 15:05:28.284158,258.067312685268,bills,192.168.1.2
user_3,2026-11-24 09:03:49.103367,152.65598778049696,groceries,91.200.12.0
user_5,2026-11-24 21:53:00.873001,459.48792832261546,bills,91.200.12.4
user_2,2026-11-25 00:00:23.631826,383.0167729453654,bills,192.168.1.2
user_6,2026-11-25 18:06:41.221421,219.2030682065644,groceries,91.200.12.0
user_6,2026-11-28 13:06:05.487650,79.55497455827692,bills,91.200.12.0
user_6,2026-11-30 10:55:01.590650,676.315587931696,entertainment,91.200.12.0
user_2,2026-11-30 11:18:00.367995,171.12823200419552,bills,192.168.1.2
user_5,2026-12-01 04:07:54.908442,256.02180981568176,transport,91.200.12.4
user_6,2026-12-04 15:29:40.808132,115.72758882344046,transport,91.200.12.0
user_6,2026-12-04 19:47:27.901849,400.0866217105996,bills,91.200.12.0
user_2,2026-12-06 12:55:51.151902,248.17690808956627,entertainment,192.168.1.2
user_5,2026-12-09 05:24:55.948275,130.39860471206114,entertainment,91.200.12.4
user_6,2026-12-09 13:52:42.853555,474.42292779199255,groceries,91.200.12.0
user_5,2026-12-15 01:45:38.317974,243.99248498005377,transport,91.200.12.4
user_6,2026-12-16 07:16:46.076543,85.74656406723831,groceries,91.200.12.0
user_6,2026-12-17 01:59:10.778351,97.69691921972583,groceries,91.200.12.0
user_5,2026-12-17 02:00:43.102337,1363.1155972257625,groceries,91.200.12.4
user_5,2026-12-17 21:20:03.078059,143.3500170628331,transport,91.200.12.4
user_5,2026-12-24 08:12:37.937943,71.0566250150742,groceries,91.200.12.4
user_6,2026-12-24 20:01:11.790053,109.03819831323821,entertainment,91.200.12.0
user_5,2026-12-25 10:10:23.264698,81.03909343456102,bills,91.200.12.4
user_6,2026-12-27 15:14:40.547213,134.13261906682777,bills,91.200.12.0
user_5,2026-12-30 00:34:49.393257,87.72252719384338,groceries,91.200.12.4
user_5,2026-12-31 08:16:26.070001,233.368673792791,transport,91.200.12.4
user_6,2027-01-03 11:46:45.849179,194.97325388058385,transport,91.200.12.0
user_6,2027-01-04 08:31:11.674378,3313.3118808107865,wire_transfer,91.200.12.2
user_4,2027-01-04 12:45:51.910515,348.2560115440275,groceries,91.200.12.2
user_4,2027-01-04 18:02:42.570897,185.57313396446813,bills,91.200.12.2
user_6,2027-01-05 16:39:02.813726,268.5453740598395,entertainment,91.200.12.2
user_5,2027-01-07 05:36:09.895694,706.0016233940191,transport,91.200.12.4
user_5,2027-01-09 06:44:02.089316,91.46145912931878,bills,91.200.12.4
user_4,2027-01-09 13:15:28.949235,522.9074692840419,bills,91.200.12.2
user_6,2027-01-09 15:42:09.610668,154.40655634107696,transport,91.200.12.2
user_6,2027-01-10 17:29:54.760747,272.09532421484147,groceries,91.200.12.2
user_4,2027-01-12 10:33:12.666667,659.9202622388891,transport,91.200.12.2
user_6,2027-01-13 00:16:13.680326,382.02564362576305,entertainment,91.200.12.2
user_6,2027-01-13 22:45:19.015000,489.1874392611788,entertainment,91.200.12.2
user_6,2027-01-15 02:56:14.954335,171.93998618753972,entertainment,91.200.12.2
user_6,2027-01-16 08:42:33.144494,122.61349103331065,bills,91.200.12.2
user_4,2027-01-16 17:47:18.922732,386.0306559498365,transport,91.200.12.2
user_6,2027-01-20 05:49:54.419761,117.33209196806786,groceries,91.200.12.2
user_6,2027-01-21 01:02:49.445133,1054.4782475058475,bills,91.200.12.2
user_4,2027-01-21 11:25:19.925395,170.3971409922185,entertainment,91.200.12.2
user_6,2027-01-24 11:03:49.564549,121.48753503738392,bills,91.200.12.2
user_4,2027-01-27 20:54:05.091896,76.20291133722976,groceries,91.200.12.2
user_4,2027-01-31 05:38:41.802586,33.342344121914934,bills,91.200.12.2
user_4,2027-01-31 15:58:12.177219,340.8517748056664,bills,91.200.12.2
user_0,2027-02-04 09:52:15.201545,568.1318712770374,transport,91.200.12.3
user_0,2027-02-06 10:15:34.362134,171.39846109313893,entertainment,91.200.12.3
user_4,2027-02-07 15:35:17.048736,952.4835099294507,groceries,91.200.12.2
user_9,2027-02-10 03:44:15.644601,252.215105170589,bills,91.200.12.2
user_4,2027-02-12 08:25:26.283131,250.73837746202716,transport,91.200.12.2
user_4,2027-02-12 09:59:17.782241,95.24512627628772,transport,91.200.12.2
user_0,2027-02-14 00:02:18.708490,209.46758507934732,groceries,91.200.12.3
user_4,2027-02-15 00:36:50.264861,6703.521691030048,wire_transfer,91.200.12.0
user_4,2027-02-16 06:15:12.197708,183.95036325796698,groceries,91.200.12.0
user_9,2027-02-18 07:14:19.926836,415.2214323304237,transport,91.200.12.2
user_0,2027-02-18 18:10:51.957929,374.78260384214946,groceries,91.200.12.3
user_0,2027-02-19 23:51:08.127960,137.77931082290675,bills,91.200.12.3
user_0,2027-02-21 07:58:55.967867,32.12195730477485,transport,91.200.12.3
user_4,2027-02-21 15:40:04.747185,1010.0428424245908,entertainment,91.200.12.0
user_4,2027-02-23 02:49:37.388639,114.83054576598545,entertainment,91.200.12.0
user_9,2027-02-25 18:26:02.926453,613.4161021813607,groceries,91.200.12.2
user_4,2027-02-27 08:57:22.257246,489.7422888995602,transport,91.200.12.0
user_4,2027-02-27 10:08:25.334817,379.93745150840675,entertainment,91.200.12.0
user_0,2027-02-27 22:10:40.894509,314.97430005092474,bills,91.200.12.3
user_9,2027-02-28 04:12:00.186593,160.69401139122635,bills,91.200.12.2
user_4,2027-03-01 01:29:28.823404,49.280619553668224,groceries,91.200.12.0
user_4,2027-03-04 15:50:13.493738,1455.7136325145298,entertainment,91.200.12.0
user_4,2027-03-06 06:16:56.937691,105.32361377636086,bills,91.200.12.0
user_9,2027-03-07 15:41:02.388489,54.64883309781343,groceries,91.200.12.2
user_4,2027-03-09 13:38:49.859715,66.62190319573864,bills,91.200.12.0
user_9,2027-03-11 20:28:35.540679,205.83769443554326,bills,91.200.12.2
user_4,2027-03-12 03:28:22.087850,60.652003502746716,bills,91.200.12.0
user_4,2027-03-13 15:23:53.889577,88.28729286892083,entertainment,91.200.12.0
user_4,2027-03-14 20:20:22.259976,389.16562176068004,transport,91.200.12.0
user_9,2027-03-17 01:14:46.886059,1661.7287019395835,bills,91.200.12.2
user_4,2027-03-19 12:40:51.765302,390.8712594683141,entertainment,91.200.12.0
user_9,2027-03-24 03:22:18.897864,139.7910422493899,bills,91.200.12.2
user_9,2027-03-30 20:36:11.016208,242.69749900044957,bills,91.200.12.2
user_9,2027-03-31 21:08:47.865503,1291.3796516051912,wire_transfer,91.200.12.4
user_9,2027-04-08 08:20:43.249064,60.689080429667264,transport,91.200.12.4
user_9,2027-04-09 14:25:34.908164,83.21599658679372,entertainment,91.200.12.4
user_9,2027-04-16 12:20:49.502470,263.3617236200355,entertainment,91.200.12.4
user_9,2027-04-18 05:00:35.374691,905.7949369630483,transport,91.200.12.4
user_3,2027-04-19 09:03:49.103367,286.57657410795224,groceries,91.200.12.0
user_9,2027-04-20 17:59:42.696988,54.64263003371396,groceries,91.200.12.4
user_3,2027-04-25 15:02:11.443806,261.1759750493204,transport,91.200.12.0
user_9,2027-04-28 13:40:25.396880,3131.454444764815,transport,91.200.12.4
user_3,2027-04-28 19:06:13.681176,259.27667931783327,transport,91.200.12.0
user_3,2027-04-30 17:52:31.252216,82.8642466974526,groceries,91.200.12.0
user_9,2027-05-03 01:08:33.401152,80.56099109500649,entertainment,91.200.12.4
user_9,2027-05-04 00:41:27.486088,32.59610367649996,entertainment,91.200.12.4
user_3,2027-05-05 18:46:05.185809,462.2038019996352,bills,91.200.12.0
user_2,2027-05-07 12:55:51.151902,1316.4703343386177,entertainment,192.168.1.2
user_9,2027-05-11 00:53:24.475410,1184.8681210577352,bills,91.200.12.4
user_9,2027-05-15 01:46:48.195635,142.64231041950842,groceries,91.200.12.4
user_9,2027-05-22 19:01:41.601258,195.01876483537288,groceries,91.200.12.4
user_9,2027-05-23 22:25:44.073957,86.48763517402145,entertainment,91.200.12.4
user_9,2027-05-25 14:51:04.435495,645.7679518113259,transport,91.200.12.4
user_9,2027-05-27 05:17:13.163978,541.1307443771659,entertainment,91.200.12.4
user_0,2027-06-07 22:10:40.894509,2225.271952045524,entertainment,91.200.12.3
user_0,2027-06-10 00:25:31.466119,74.8768090911055,groceries,91.200.12.3
user_0,2027-06-13 22:35:57.054390,1083.4574104548121,groceries,91.200.12.3
user_0,2027-06-21 16:19:18.701634,37.386441502589605,entertainment,91.200.12.3
user_0,2027-06-29 11:27:04.631405,10491.873715772306,wire_transfer,91.200.12.4
user_0,2027-06-29 17:49:28.729781,573.181340150093,bills,91.200.12.4
user_0,2027-07-05 09:21:56.308002,585.3839695608988,entertainment,91.200.12.4
user_0,2027-07-09 21:30:54.689246,112.36265830982279,transport,91.200.12.4
user_0,2027-07-10 22:27:16.536480,71.79535799441685,entertainment,91.200.12.4
user_0,2027-07-14 01:20:22.052677,322.3921283989734,entertainment,91.200.12.4
user_0,2027-07-14 08:37:41.254476,263.3060983065901,transport,91.200.12.4
user_4,2027-07-15 12:40:51.765302,700.8129383834344,bills,91.200.12.0
user_4,2027-07-20 11:30:41.547056,44.57346173000553,bills,91.200.12.0
user_4,2027-07-21 03:23:57.563444,274.94584200874067,bills,91.200.12.0
user_2,2027-08-25 12:55:51.151902,271.1724636622861,entertainment,192.168.1.2
user_2,2027-09-01 07:39:04.925958,5349.226849105409,bills,192.168.1.2
user_2,2027-09-09 10:56:32.829953,46.38130929232402,bills,192.168.1.2
user_2,2027-09-16 06:01:19.276323,110.40685267723403,bills,192.168.1.2
user_2,2027-09-17 20:19:31.184105,35.242339392396396,groceries,192.168.1.2
user_2,2027-09-22 12:40:28.456199,423.0418335487716,bills,192.168.1.2
user_2,2027-09-28 21:14:36.706402,64.16548622888159,entertainment,192.168.1.2
user_2,2027-10-06 12:48:07.509514,689.0605705559675,transport,192.168.1.2
user_3,2027-10-09 18:46:05.185809,3309.946716076354,bills,91.200.12.0
user_9,2027-10-15 05:17:13.163978,795.5687704893544,bills,91.200.12.4
user_9,2027-10-21 05:54:27.881662,201.08666689698734,bills,91.200.12.4
user_9,2027-10-22 01:04:34.129086,23.407512227311752,bills,91.200.12.4
user_9,2027-10-28 06:51:54.921055,49.853573253120146,bills,91.200.12.4
user_9,2027-11-02 20:07:38.794965,162.75202417311135,entertainment,91.200.12.4
user_9,2027-11-10 06:21:07.443076,71.05029834814184,bills,91.200.12.4
user_9,2027-11-10 20:10:06.927235,502.40283007280016,entertainment,91.200.12.4
user_9,2027-11-18 22:20:17.209997,140.4636023801459,entertainment,91.200.12.4
user_9,2027-11-19 06:00:51.357582,175.93449084912544,transport,91.200.12.4
user_9,2027-11-22 00:43:05.507752,226.91542191686574,entertainment,91.200.12.4
user_0,2028-01-16 08:37:41.254476,1173.9160080028664,bills,91.200.12.4
user_0,2028-01-19 00:15:43.932847,183.54445874137664,entertainment,91.200.12.4
user_0,2028-01-26 16:35:56.044743,293.84338978913604,entertainment,91.200.12.4
user_0,2028-01-30 22:19:46.708639,191.1667578003387,groceries,91.200.12.4
user_0,2028-02-07 10:45:31.859746,172.39173565641903,bills,91.200.12.4
user_0,2028-02-10 11:53:26.899539,254.30407410283905,bills,91.200.12.4
user_0,2028-02-10 18:26:03.698819,3875.7888330448777,wire_transfer,91.200.12.2
user_0,2028-02-14 13:31:07.431375,292.7527608813347,entertainment,91.200.12.2
user_0,2028-02-15 07:49:44.989497,197.4071308342031,entertainment,91.200.12.2
user_0,2028-02-23 06:30:18.134009,148.62319192057245,bills,91.200.12.2
user_3,2028-02-23 18:46:05.185809,106.4967864137502,bills,91.200.12.0
user_3,2028-02-24 04:54:04.132829,45.25229721025831,groceries,91.200.12.0
user_0,2028-02-27 14:52:18.667438,163.5550914941087,transport,91.200.12.2
user_3,2028-02-29 16:50:11.579040,171.65882284275034,transport,91.200.12.0
user_3,2028-03-01 06:57:02.961930,441.2507853688457,gambling,91.200.12.0
user_3,2028-03-04 02:28:01.300135,661.2414573593492,entertainment,91.200.12.0
user_0,2028-03-06 09:08:48.332843,4985.558621639629,wire_transfer,91.200.12.0
user_3,2028-03-08 20:45:15.928032,104.83297316517401,bills,91.200.12.0
user_0,2028-03-11 22:56:29.457105,161.19827336286176,groceries,91.200.12.0
user_3,2028-03-13 16:32:35.463577,163.16570334397892,bills,91.200.12.0
user_0,2028-03-14 21:25:19.718390,300.00919334953426,bills,91.200.12.0
user_3,2028-03-15 20:08:59.828905,643.9650397778862,entertainment,91.200.12.0
user_0,2028-03-20 07:17:04.310839,162.19940281325847,groceries,91.200.12.0
user_3,2028-03-21 15:30:41.734234,38.8943295982733,entertainment,91.200.12.0
user_0,2028-03-23 01:04:27.137392,137.23989678209097,groceries,91.200.12.0
user_3,2028-03-23 07:24:07.538005,196.03728540852345,transport,91.200.12.0
user_3,2028-03-24 10:36:03.597573,89.6513432753624,groceries,91.200.12.0
user_3,2028-03-28 10:11:04.847919,64.90926281744224,transport,91.200.12.0
user_3,2028-03-30 03:07:34.382759,307.2616479143457,bills,91.200.12.0
user_0,2028-03-30 14:19:57.289132,933.8891364853016,groceries,91.200.12.0
user_0,2028-03-30 23:52:33.300210,88.88307474027059,groceries,91.200.12.0
user_0,2028-04-01 08:41:20.518489,123.6634676691769,entertainment,91.200.12.0
user_0,2028-04-01 11:23:55.522191,1455.9697217977239,transport,91.200.12.0
user_3,2028-04-05 08:04:07.530224,48.04603310825823,entertainment,91.200.12.0
user_0,2028-04-08 19:44:32.362056,161.40361659048193,transport,91.200.12.0
user_0,2028-04-11 20:59:49.653828,540.3369441552601,entertainment,91.200.12.0
user_3,2028-04-13 09:51:20.511925,111.60084117565094,bills,91.200.12.0
user_0,2028-04-16 22:00:20.183229,76.96987135839132,entertainment,91.200.12.0
user_3,2028-04-19 20:47:00.028190,317.8360142935321,bills,91.200.12.0
user_0,2028-04-23 17:24:11.270602,255.88046417991623,bills,91.200.12.0
user_0,2028-04-27 23:46:00.634224,611.5814940642831,groceries,91.200.12.0
user_0,2028-05-04 21:31:45.821598,183.1685922100471,transport,91.200.12.0
user_0,2028-05-10 16:41:27.547569,326.8403693875932,groceries,91.200.12.0
user_0,2028-05-11 11:42:49.756817,280.60382130844084,groceries,91.200.12.0
user_0,2028-05-15 02:48:46.993081,43.79714242475246,bills,91.200.12.0
user_0,2028-05-18 13:51:37.743842,512.4048345616413,entertainment,91.200.12.0
user_0,2028-05-26 00:56:03.304360,116.76298598631917,entertainment,91.200.12.0
user_0,2028-05-27 13:46:37.235162,54.43237109061126,entertainment,91.200.12.0
user_0,2028-05-28 06:30:00.719992,124.61110210018332,bills,91.200.12.0
user_0,2028-06-04 02:39:57.988499,420.86480139422645,bills,91.200.12.0
user_3,2028-08-26 20:47:00.028190,507.3236411125802,entertainment,91.200.12.0
user_3,2028-08-31 05:00:08.980415,76.03323121806254,entertainment,91.200.12.0
user_3,2028-09-05 11:02:48.761022,468.6744212192368,bills,91.200.12.0
user_3,2028-09-10 07:22:46.854605,150.77055053752522,bills,91.200.12.0
user_3,2028-09-14 01:11:17.104823,1428.2459570873652,transport,91.200.12.0
user_3,2028-09-18 07:46:27.950889,117.20486752068027,groceries,91.200.12.0
user_3,2028-09-25 14:35:37.832597,88.32719040355047,groceries,91.200.12.0
user_3,2028-10-02 15:12:56.406057,164.0989141016618,bills,91.200.12.0
user_3,2028-10-10 18:46:53.606474,253.19398015888822,entertainment,91.200.12.0
user_3,2028-10-12 13:07:03.228685,569.357063879026,groceries,91.200.12.0
user_3,2028-10-14 09:34:18.348985,175.13167977921177,entertainment,91.200.12.0
user_3,2028-10-18 02:46:02.382724,1338.562092729177,transport,91.200.12.0
user_3,2028-10-21 10:34:03.830581,220.8599994359389,transport,91.200.12.0
user_3,2028-10-24 13:21:26.253071,265.0840647313189,entertainment,91.200.12.0
user_3,2028-10-24 21:21:29.982527,21.382048158093063,transport,91.200.12.0
user_3,2028-10-30 10:27:44.793633,309.247974518118,groceries,91.200.12.0
user_3,2028-11-01 13:25:08.795105,144.0289501663107,entertainment,91.200.12.0
user_3,2028-11-04 09:20:46.785498,136.80166466716832,groceries,91.200.12.0
